{
  "remaining_feature_count": 49,
  "train_auc": 0.7163591599702102,
  "test_auc": 0.6303552824178073
}