borough,avg_trip_distance,pickup_count,public_transit_pct,total_ncr_bookings
Bronx,22.8980193412751,90340,52.09547215496368,150000
Brooklyn,19.916253977143096,411143,47.000843672456575,150000
EWR,0.8943282515483564,4198,,150000
Manhattan,7.219645258905468,26541219,43.15217661691542,150000
Queens,36.98660599440443,2862258,41.20137404580153,150000
Staten Island,77.78305770715494,1211,23.570196078431373,150000
