{
  "total_trials": 944,
  "sensitivity_matrix": {
    "lr_<0.02": {
      "depth_3-4": 0.46209395261645847,
      "depth_5-6": 0.548443249694141,
      "depth_7-8": 0.6343136971519829
    },
    "lr_0.02-0.05": {
      "depth_3-4": 0.5027759975473137,
      "depth_5-6": 0.4847394037795887,
      "depth_7-8": 0.6025480555534245
    },
    "lr_0.05-0.1": {
      "depth_3-4": 0.40510535729093583,
      "depth_5-6": 0.5206998962501073,
      "depth_7-8": 0.5037639182300334
    },
    "lr_>=0.1": {
      "depth_3-4": 0.42423292682575015,
      "depth_5-6": 0.4282195980102108,
      "depth_7-8": 0.5282934921072131
    }
  },
  "best_combination": {
    "learning_rate_bucket": "lr_<0.02",
    "max_depth_group": "depth_7-8",
    "avg_test_auc": 0.6343136971519829
  }
}