brand,amazon_composite,ebay_composite,total_composite_score
Samsung,33.42523765566686,0.0,33.42523765566686
Motorola,31.659666544508564,0.0,31.659666544508564
Lg,25.333811622218274,0.0,25.333811622218274
Apple,23.74321810752133,0.0,23.74321810752133
Sony,12.958573095125793,0.0,12.958573095125793
