Source,mean,median,std,skewness
Airbnb,3.279105922384207,3.0,1.2846569239029515,-0.13864622323547124
Indoor Attractions,4.376489162929746,4.55,0.5606447921445087,-2.5006063976812243
Outdoor Attractions,4.670493935898915,4.714285714285714,0.26142259317860794,-1.439637346372649
TripAdvisor,4.15769884753448,4.0,0.9705431902514537,-1.198025807215184
