,Coefficient,Standard Error,p-value
const,12.574558819813008,0.0058052889926217145,0.0
MedianRentalPrice_2019_12,0.4992558051457086,0.0066484712002594865,0.0
DaysOnZillow_2019_12,-0.06362898131366636,0.00601183238135367,1.1751886978987204e-25
Median_Income,0.06794298565904236,0.006769255538599947,2.781018600401312e-23
Census_Unemployment,0.0031762038193420008,0.007360631503778598,0.666131817436152
Math_4_Score,-0.002488661733928396,0.007020241836954209,0.7229946135962911
Violent_Crime_Rate,-0.025075752450152086,0.006207179143299459,5.505659426700283e-05
Property_Crime_Rate,-0.020552977383078676,0.006262931476026322,0.0010456049542799896
