sport_category,height_mean,height_std,weight_mean,weight_std,sample_count,height_anova_significance,weight_anova_significance
Olympic Basketball,192.14541120381406,12.178086849893521,87.492252681764,16.44052344145875,839,p < 0.001,p < 0.001
Olympic Football,174.59654178674353,9.11047565668856,68.77449567723343,9.360612426236502,1388,p < 0.001,p < 0.001
NBA,200.3195027027027,9.20880414486058,100.61308040648649,12.537070701387274,925,p < 0.001,p < 0.001
European Soccer,181.86744484629295,6.369200906779621,76.37595219819168,6.799442715441186,11060,p < 0.001,p < 0.001
