{
  "correlation_matrix": [
    [
      1.0,
      0.006408919530788315,
      -0.011754567923429418
    ],
    [
      0.006408919530788315,
      1.0,
      0.0100392452131107
    ],
    [
      -0.011754567923429418,
      0.0100392452131107,
      1.0
    ]
  ],
  "p_values": [
    [
      0.0,
      0.6009398872719538,
      0.3373846688943597
    ],
    [
      0.6009398872719538,
      0.0,
      0.4125910957914175
    ],
    [
      0.3373846688943597,
      0.4125910957914175,
      0.0
    ]
  ],
  "columns": [
    "bot_label",
    "normalized_engagement",
    "mention_count"
  ]
}