borough,total_pickups,avg_pt_p,percentage
Bronx,90340,50.88827488618186,0.3
Brooklyn,411143,45.32639344262295,1.37
EWR,4198,59.57,0.01
Manhattan,26541219,41.91106889793457,88.74
Queens,2862258,39.35579710144928,9.57
Staten Island,1211,27.736616285403052,0.0
