feature_name,coefficient
age_glucose_interaction,-1.9007729732835643
pca_component_3,1.8146974997799077
pca_component_1,1.501645532303829
bp_bmi_ratio,-1.3585352504267167
glucose,1.314201093575404
bp,1.0550151418047358
pca_component_2,-0.23236230522607912
bmi,-0.18222376568015483
