feature,coefficient
intercept,24587.596394443888
ph,-961.0024392352731
k,115.81049136753018
p,-1181.0237132147881
n,724.8421363583212
zn,-361.3131256943534
s,438.6709841336152
temp_range,1083.1278986388068
precip,1078.4314671204718
