{
  "RMSE": 205.5874090406362,
  "MAE": 68.29630177860146
}