statistic,p_value,effect_size
1064.8882978151505,0.0,0.01948053527589874
