source,mean,std,ci_lower,ci_upper
Airbnb,0.1882543655633394,0.8664849881015688,0.18294385961930357,0.19356487150737525
Indoor Attractions,-0.6501747570718609,2.1004392737143336,-0.7298077204285047,-0.5705417937152171
Outdoor Attractions,-0.18851651530172459,1.1251894136772618,-0.22933092824685913,-0.14770210235659004
TripAdvisor,0.10636641544211485,0.6546162296178367,0.10078945008949274,0.11194338079473697
