{
  "bin_count": 10,
  "train_auc": 0.6036517198380457,
  "test_auc": 0.5863118573299384,
  "train_ks": 0.14614347940372602,
  "test_ks": 0.12456211928247923
}