{
  "model_type": "Target-specific LinearRegression with StandardScaler and PCA",
  "random_state": 42,
  "metrics": {
    "zhvi_1bedroom": {
      "r2": 0.09427329691771591,
      "mae": 78143.64501916639
    },
    "zhvi_2bedroom": {
      "r2": 0.16724415477960308,
      "mae": 76397.52990377693
    },
    "zhvi_3bedroom": {
      "r2": 0.16662496662848458,
      "mae": 90592.66668111071
    },
    "zhvi_4bedroom": {
      "r2": 0.1254776333182115,
      "mae": 129504.75050852082
    },
    "rental_1Bedroom": {
      "r2": 0.27603468662242114,
      "mae": 334.94355897732106
    },
    "rental_2Bedroom": {
      "r2": 0.2612583550192351,
      "mae": 422.7792317303699
    },
    "rental_3Bedroom": {
      "r2": 0.08422377027559114,
      "mae": 577.1830676230692
    },
    "rental_4Bedroom": {
      "r2": 0.010891813511747617,
      "mae": 1554.8326004551373
    }
  }
}