metric,f_statistic,p_value
Height,3208.551105742791,0.0
Weight,49869.81014617999,0.0
