sport,metric,correlation,p_value
NBA,Height,-0.07105215358956257,0.12200300076937451
NBA,Weight,-0.049506238117650536,0.2815781273013103
Soccer,Height,0.0017333699786155183,0.8569499382835315
Soccer,Weight,0.09113814146806497,2.1503191188596873e-21
