task,accuracy,precision,recall,f1,auc,avg_score
diabetes,0.9964,1.0,0.9895,0.9947,1.0,0.99612
sleep_disorder,0.96,0.9667,0.9355,0.9508,0.952,0.953
stroke,0.9481,0.2,0.02,0.0364,0.8098,0.40286
heart_disease,0.837,0.8333,0.8824,0.8571,0.9202,0.866
insurance,0.9067,0.8978,0.9179,0.9077,0.9435,0.91472
ckd,1.0,1.0,1.0,1.0,1.0,1.0
cancer,0.9752,0.9831,0.9658,0.974,0.9988,0.9793800000000001
