State,Avg_HMSI
NY,1.075944618608164
OK,1.0618647535074555
IL,1.058722422183639
AR,1.0568068631176586
WV,1.0531107572178722
