cache_1h_rate,cache_3h_rate,cache_6h_rate
0.2475790865089459,0.25391025164888303,0.2578557471778368
