task_name,auc_roc_score,feature_importances
diabetes,0.8984535527968742,"{'age': 0.21085049335659686, 'bmi': 0.2831588638897399, 'glucose': 0.25864706202841076, 'gender': 0.016225511578788165, 'source_diabetes': 0.18517848168039472, 'source_sleep': 0.007882129080627973, 'source_stroke': 0.017299877953464562, 'source_heart': 0.00549830142455935, 'source_insurance': 0.006919185106147751, 'source_ckd': 0.008340093901269835}"
sleep,0.9775691620197616,"{'age': 0.24935870197955673, 'bmi': 0.049376998955788044, 'glucose': 0.09910015835142455, 'gender': 0.024610425071577385, 'source_diabetes': 0.01885884255122062, 'source_sleep': 0.513047882761974, 'source_stroke': 0.006911934188150597, 'source_heart': 0.0015771063051558134, 'source_insurance': 0.0352208588563873, 'source_ckd': 0.0019370909787648648}"
stroke,0.8693822033123594,"{'age': 0.25165305906050334, 'bmi': 0.3625907482053172, 'glucose': 0.2794825820981751, 'gender': 0.02190978106512696, 'source_diabetes': 0.004471039071570767, 'source_sleep': 0.0006842324849093327, 'source_stroke': 0.07614164552285081, 'source_heart': 0.0008713460125422226, 'source_insurance': 0.0010816241700102223, 'source_ckd': 0.0011139423089939165}"
heart,0.9833291783373171,"{'age': 0.0858987342703739, 'bmi': 0.10343260862241357, 'glucose': 0.33111611368860877, 'gender': 0.011100981414266095, 'source_diabetes': 0.006619625453641957, 'source_sleep': 0.0007985016901036579, 'source_stroke': 0.0058249876925819495, 'source_heart': 0.44533731468700294, 'source_insurance': 0.005356798739572063, 'source_ckd': 0.004514333741435121}"
insurance,0.8674733893557424,"{'age': 0.25142181662274365, 'bmi': 0.5347902158900442, 'glucose': 0.027183991631123436, 'gender': 0.008638367938999613, 'source_diabetes': 0.005838736015883018, 'source_sleep': 0.008180587475172571, 'source_stroke': 0.003802619975312013, 'source_heart': 0.002614960789029799, 'source_insurance': 0.15476291585861632, 'source_ckd': 0.0027657878030754096}"
ckd,1.0,"{'age': 7.781924210662774e-05, 'bmi': 0.0035390758595233076, 'glucose': 0.062172840530174175, 'gender': 0.013292074002511405, 'source_diabetes': 0.013586141262287736, 'source_sleep': 0.0069719336742192555, 'source_stroke': 0.011079951463664063, 'source_heart': 0.009351564667526483, 'source_insurance': 0.01261998802118267, 'source_ckd': 0.8673086112768044}"
