{
  "selected_feature_count": 20,
  "original_test_auc": 0.632843210290651,
  "refined_test_auc": 0.6272034579612975
}