cancer_type,accuracy
BRCA,1.0
KIRC,0.9863013698630136
LUAD,0.9716312056737588
PRAD,1.0
COAD,0.9615384615384616
