sport,height_mean,height_median,height_std,height_q25,height_q75,weight_mean,weight_median,weight_std,weight_q25,weight_q75,sample_size
Olympics,175.3590955896216,175.0,10.542003904523511,168.0,183.0,70.67736508535047,70.0,14.33039771340826,60.0,79.0,206853
NBA,200.1453157894737,200.66,8.443419789229718,194.31,206.375,97.35003215412115,96.4336592,11.497794417910457,88.8586728,105.6415768,1007
Soccer,181.86744484629295,182.88,6.369200906779238,177.8,185.42,168.38028933092224,168.0,14.990217454102842,159.0,179.0,11060
