predictor,coefficient,std_error,t_statistic,p_value,ci_lower,ci_upper
const,0.6628000609142526,0.21896608115383312,3.0269531126540414,0.0037543399050270466,0.22398222826064568,1.1016178935678596
yield_ma3,-0.00013246563324318934,0.00016981076315255073,-0.7800779572740503,0.4386892546266274,-0.0004727740072854073,0.00020784274079902859
pesticide_intensity,0.7152642501773008,21.60154571789071,0.03311171614839158,0.973705373920991,-42.575200756743556,44.00572925709815
climate_variability_index,5.044275329458217,1.6664530773109434,3.026953112654012,0.0037543399050273623,1.7046287332770778,8.383921925639356
income_High income,31.01594258215146,4.804340736683851,6.45581657964583,2.9272856085400476e-08,21.387828591656657,40.644056572646264
income_Low income,-30.353142521237203,4.71894374844936,-6.432189943186167,3.1987585495210347e-08,-39.810117122952065,-20.896167919522338
