Metric,Value
MAE,37053.98190270366
RMSE,57094.17474491939
R2,0.6021007234321658
