{
  "mae": 3.567605865402413,
  "mse": 17.604919743167073,
  "mape": 116.02897345988427,
  "r2": 0.037060725217870294
}