biomarker,coefficient,odds_ratio,ci_lower,ci_upper,p_value
glucose,0.07082439161343392,1.073392712554179,1.0655299113290455,1.0813135352787078,1.6457189220662435e-79
bmi,0.04993019710896104,1.0511977171753013,1.0376891239019395,1.0648821647464695,3.8418213544746657e-14
bp,0.08471873012213074,1.0884108864436743,1.0668427834810401,1.110415026536249,1.0766279069102954e-16
