platform,pearson_r,pearson_p,spearman_r,spearman_p,lr_coef,lr_intercept,ci_lower,ci_upper,n_samples,best_platform
amazon,0.03830419926236687,0.14501871586479892,0.0816035573831482,0.001878460849020061,0.00365320035614085,4.0590313679361945,-0.013218598608805823,0.08962413564794539,1449,None (No significant relationship found)
olist,-0.01613910265732858,0.04639060895985109,-0.015297409146720828,0.05903521558645211,-0.0020075969497771735,3.9975641760558682,-0.0320118261441643,-0.0002582406016880137,15232,None (No significant relationship found)
