dataset_name,n_records,n_features,completeness,outlier_rate,feature_consistency,quality_score
diabetes,1000,5,1.0,0.0,0.04302926062842095,0.7129087781885263
sleep,500,5,1.0,0.0,0.04302926062842095,0.7129087781885263
stroke,800,5,1.0,0.0,0.04302926062842095,0.7129087781885263
heart,600,4,1.0,0.0,0.04302926062842095,0.7129087781885263
insurance,700,4,1.0,0.0,0.04302926062842095,0.7129087781885263
ckd,400,4,1.0,0.0,0.04302926062842095,0.7129087781885263
thrombosis,300,3,1.0,0.0,0.04302926062842095,0.7129087781885263
