state,correlation,p_value,ci_lower,ci_upper,avg_annual_growth,avg_per_student_funding
TENNESSEE,0.9303592917019268,0.0023670849890372672,0.5088597592708239,1.3518588241330296,0.013526868801500462,9.1330206776171
KANSAS,0.8791120805927402,0.00913460559955509,0.33119577359670027,1.4270283875887801,0.009196671092893096,11.747333011603425
VERMONT,0.8487622611574733,0.01572095045817531,0.24088338250093022,1.4566411398140164,0.000302561918410636,21.23349346136751
DELAWARE,0.8478079523763921,0.015961516222259102,0.23817163887370219,1.457444265879082,-0.006141166804604541,15.84804975926863
ALASKA,0.8179440846846004,0.024560610627595268,0.15658230982743304,1.4793058595417679,0.01607758286220227,19.158534606900087
