{
  "RMSE": 6.017567919676673,
  "R2": 0.8887227006662045
}