crop_class,f1_score
Barley,0.4213903743315508
Bean,0.13253012048192772
Dagussa,0.16666666666666666
Fallow,0.0
Maize,0.5714285714285714
Niger seed,0.0
Pea,0.19298245614035087
Potato,0.13114754098360656
Red Pepper,0.10526315789473684
Sorghum,0.024096385542168676
Teff,0.640913671481357
Wheat,0.42938659058487877
