risk_factor,posterior_mean,ci_lower_2.5%,ci_upper_97.5%
age,-0.009943769329298344,-0.027414763998480564,0.0075272253398838765
bmi,0.0209779416836813,0.0035054562547075056,0.03845042711265509
glucose,-0.025923141670018822,-0.04344097128658271,-0.008405312053454937
bp,-0.045988941542585496,-0.06350797530809318,-0.028469907777077814
