State,Correlation_Coefficient,P_Value,CI_Lower_95,CI_Upper_95,Avg_Housing_Growth_Rate,Avg_Revenue_Per_Student
Delaware,0.9473812852694161,0.0040802502254585595,0.6336818699471197,1.2610807005917124,0.006210468278912476,16.033261326077056
Maine,0.912118123426056,0.011245470625963065,0.5103965867725178,1.3138396600795943,0.01813849451997991,14.807178046445783
Tennessee,0.8961799353319948,0.015608390964473416,0.4613709439529058,1.330988926711084,0.02671980307857739,9.2131305567086
Vermont,0.8698911627174244,0.024291202972894655,0.38652120159533254,1.3532611238395162,0.003499498033959198,21.44876611328583
Indiana,0.8468072228655195,0.033404474336854346,0.3255548773585041,1.368059568372535,0.020244510947634412,12.296776231944852
