borough,total_pickups,avg_fare,percentage
Manhattan,26120367,19.181877443232594,88.86
Queens,2775353,37.481532294690844,9.44
Brooklyn,404563,30.425630647319625,1.38
Bronx,89248,34.3479474152904,0.3
EWR,4071,87.05335052812576,0.01
Staten Island,1142,52.915812527402174,0.0
