metric_name,metric_value
r2_score,0.8251060264218377
mae,3909367.4762111083
mse,31694625808377.16
rmse,5629798.025540274
