state_name,actual_carbon_offset_metric_tons,predicted_carbon_offset_metric_tons,absolute_error_metric_tons
Texas,58575402.58632922,37641873.66155547,20933528.924773753
Florida,56405464.097623914,40474603.30451673,15930860.793107182
California,54495607.01297084,39281736.68216238,15213870.33080846
Kansas,5961386.081416997,15854940.596205933,9893554.514788937
Maryland,5805849.448300052,13740041.356129698,7934191.907829646
