RegionName,CAGR_Disparity
District of Columbia,0.04228067483323672
Florida,0.027632807350918
Nevada,0.026991707911783402
Georgia,0.026926253067866446
Kansas,0.024171986738319662
