feature,pc1_loading
T2M_MAX-Sp,0.5668559878266408
T2M_MAX-Au,0.5619926135159728
T2M_MAX-Su,0.395472907543853
T2M_MAX-W,0.38722124865522217
Ph,-0.14513276365544503
