Metric,Value
Overall_R2,0.7333778574239121
Overall_MAE,46981.37906633156
Overall_RMSE,121422.38355477767
crime_quartile_0,0.7331212816752777
crime_quartile_1,0.8894017973984483
high_income,0.7821709306770418
low_income,0.4469331172175136
